{"cameraMode":{"drawMode":0,"name":"Shaded","section":"Shading Mode"},"sceneLighting":true,"audioPlay":false,"sceneViewState":{"showFog":true,"showMaterialUpdate":true,"showSkybox":true,"showFlares":true,"showImageEffects":true,"showParticleSystems":true},"in2DMode":false,"pivot":{"x":1.419942855834961,"y":1.7368581295013428,"z":-1.0938162803649903},"rotation":{"x":0.009073861874639988,"y":-0.813370943069458,"z":-0.0126911336556077,"w":-0.5815376043319702},"size":14.98072338104248,"orthographic":false}