{"cameraMode":{"drawMode":0,"name":"Shaded","section":"Shading Mode"},"sceneLighting":true,"audioPlay":false,"sceneViewState":{"showFog":true,"showMaterialUpdate":true,"showSkybox":true,"showFlares":true,"showImageEffects":true,"showParticleSystems":true},"in2DMode":false,"pivot":{"x":-4.501633644104004,"y":-7.051608562469482,"z":-7.050461769104004},"rotation":{"x":0.09645775705575943,"y":0.9016690254211426,"z":-0.26594364643096926,"w":0.32708001136779787},"size":15.778505325317383,"orthographic":false}