{"cameraMode":{"drawMode":0,"name":"Shaded","section":"Shading Mode"},"sceneLighting":true,"audioPlay":false,"sceneViewState":{"showFog":true,"showMaterialUpdate":true,"showSkybox":true,"showFlares":true,"showImageEffects":true,"showParticleSystems":true},"in2DMode":false,"pivot":{"x":-0.8951883316040039,"y":-0.7650090456008911,"z":-2.1487984657287599},"rotation":{"x":0.03755521774291992,"y":0.8366553783416748,"z":-0.05781939625740051,"w":0.543379545211792},"size":14.467949867248536,"orthographic":false}